{
  "test/integration/pages/RisksObjectPage.js": 1714396996999,
  "test/integration/FirstJourney.js": 1714396997015,
  "test/integration/pages/RisksList.js": 1714396996999,
  "test/integration/opaTests.qunit.js": 1714396996987,
  "i18n/i18n.properties": 1714397029982,
  "test/testsuite.qunit.js": 1714396996979,
  "xs-app.json": 1714424532892,
  "manifest.json": 1714417470492,
  "Component.js": 1714396996887,
  "Component-dbg.js": 1714396996887,
  "Component.js.map": 1714424545410,
  "test/integration/pages/RisksList-dbg.js": 1714396996999,
  "test/integration/pages/RisksList.js.map": 1714424545495,
  "test/integration/opaTests.qunit-dbg.js": 1714396996987,
  "test/integration/opaTests.qunit.js.map": 1714424545410,
  "test/integration/pages/RisksObjectPage-dbg.js": 1714396996999,
  "test/integration/pages/RisksObjectPage.js.map": 1714424545497,
  "test/testsuite.qunit-dbg.js": 1714396996979,
  "test/testsuite.qunit.js.map": 1714424545490,
  "test/integration/FirstJourney-dbg.js": 1714396997015,
  "test/integration/FirstJourney.js.map": 1714424545494,
  "Component-preload.js": 1714424545656,
  "Component-preload.js.map": 1714424545656,
  "test/integration/opaTests.qunit.html": 1714396996983,
  "test/testsuite.qunit.html": 1714396996967,
  "test/flpSandbox.html": 1714396996967,
  "index.html": 1714396996899
}